{
  "hash": "d423d2d0",
  "configHash": "2ec92513",
  "lockfileHash": "d4959614",
  "browserHash": "97ed47d3",
  "optimized": {
    "@angular/common": {
      "src": "../../../../../../node_modules/@angular/common/fesm2022/common.mjs",
      "file": "@angular_common.js",
      "fileHash": "168b1700",
      "needsInterop": false
    },
    "@angular/common/http": {
      "src": "../../../../../../node_modules/@angular/common/fesm2022/http.mjs",
      "file": "@angular_common_http.js",
      "fileHash": "2eca3e93",
      "needsInterop": false
    },
    "@angular/core": {
      "src": "../../../../../../node_modules/@angular/core/fesm2022/core.mjs",
      "file": "@angular_core.js",
      "fileHash": "63aaf8cf",
      "needsInterop": false
    },
    "@angular/forms": {
      "src": "../../../../../../node_modules/@angular/forms/fesm2022/forms.mjs",
      "file": "@angular_forms.js",
      "fileHash": "2385aefb",
      "needsInterop": false
    },
    "@angular/platform-browser": {
      "src": "../../../../../../node_modules/@angular/platform-browser/fesm2022/platform-browser.mjs",
      "file": "@angular_platform-browser.js",
      "fileHash": "36f2c9aa",
      "needsInterop": false
    },
    "@angular/platform-browser/animations/async": {
      "src": "../../../../../../node_modules/@angular/platform-browser/fesm2022/animations/async.mjs",
      "file": "@angular_platform-browser_animations_async.js",
      "fileHash": "89af0acc",
      "needsInterop": false
    },
    "zone.js": {
      "src": "../../../../../../node_modules/zone.js/fesm2015/zone.js",
      "file": "zone__js.js",
      "fileHash": "05b43df2",
      "needsInterop": true
    }
  },
  "chunks": {
    "chunk-QHGAIYMH": {
      "file": "chunk-QHGAIYMH.js"
    },
    "chunk-KGV5B2PS": {
      "file": "chunk-KGV5B2PS.js"
    },
    "chunk-PFBSPVNF": {
      "file": "chunk-PFBSPVNF.js"
    },
    "chunk-YW65FSQM": {
      "file": "chunk-YW65FSQM.js"
    },
    "chunk-O7EN5Z6E": {
      "file": "chunk-O7EN5Z6E.js"
    },
    "platform-browser_false-TTSG3JCP": {
      "file": "platform-browser_false-TTSG3JCP.js"
    },
    "chunk-3OV72XIM": {
      "file": "chunk-3OV72XIM.js"
    }
  }
}